{"stats":{"minecraft:killed_by":{"born_in_chaos_v1:decaying_zombie":1,"undead_revamp2:thespitter":1,"born_in_chaos_v1:corpse_fly":1,"born_in_chaos_v1:swarmer":1},"minecraft:mined":{"minecraft:acacia_log":28,"minecraft:grass":2,"minecraft:acacia_leaves":2,"ecologics:walnut_log":5,"luminousworld:savanna_grass_2":1,"luminousworld:bao_bob_log":1,"minecraft:crafting_table":1,"luminousworld:groundpebbles_1":3},"minecraft:picked_up":{"minecraft:crafting_table":1,"minecraft:stick":9,"ecologics:walnut":3,"ecologics:walnut_log":5,"ecologics:walnut_sapling":1,"alexsmobs:acacia_blossom":1,"minecraft:acacia_log":27,"luminousworld:groundpebbles_1":3,"luminousworld:bao_bob_log":1,"minecraft:acacia_sapling":13},"minecraft:custom":{"minecraft:time_since_rest":7607,"minecraft:play_time":15859,"minecraft:sprint_one_cm":25100,"minecraft:walk_one_cm":27382,"minecraft:damage_taken":1080,"minecraft:deaths":4,"minecraft:jump":112,"minecraft:time_since_death":7571,"minecraft:open_chest":1,"minecraft:talked_to_villager":1,"minecraft:total_world_time":15859,"minecraft:interact_with_crafting_table":1,"minecraft:fall_one_cm":2926,"minecraft:fly_one_cm":27252},"minecraft:crafted":{"minecraft:wooden_sword":1,"minecraft:crafting_table":1,"minecraft:stick":4,"minecraft:wooden_pickaxe":1,"ecologics:walnut_planks":20,"minecraft:wooden_axe":1},"minecraft:used":{"minecraft:wooden_axe":41,"minecraft:crafting_table":1}},"DataVersion":3465}